{
    "TP": 988,
    "TN": 1112,
    "FP": 131,
    "FN": 156,
    "accuracy": 0.8797653958944281,
    "precision": 0.8829311885612153,
    "recall": 0.8636363636363636,
    "f1_score": 0.8731771984091914,
    "total_data": 2387,
    "data_path": "review_shopee.csv",
    "text_col": "comment",
    "rating_col": "rating",
    "label_source": "rating >= 4 => positif, rating <= 2 => negatif, rating == 3 dibuang",
    "vocab_size": 15000,
    "max_len": 80,
    "embed_dim": 128,
    "batch_size": 32,
    "epochs": 15,
    "learning_rate": 0.001
}